<?xml version="1.0" encoding="UTF-8"?>
<GenRun Id="impl_1" LaunchPart="xc7s15ftgb196-1" LaunchTime="1596206644">
  <File Type="BITSTR-BMM" Name="PWM_work_bd.bmm"/>
  <File Type="OPT-METHODOLOGY-DRC" Name="PWM_work_methodology_drc_opted.rpt"/>
  <File Type="INIT-TIMING" Name="PWM_work_timing_summary_init.rpt"/>
  <File Type="ROUTE-PWR" Name="PWM_work_power_routed.rpt"/>
  <File Type="PA-TCL" Name="PWM_work.tcl"/>
  <File Type="OPT-TIMING" Name="PWM_work_timing_summary_opted.rpt"/>
  <File Type="OPT-DCP" Name="PWM_work_opt.dcp"/>
  <File Type="ROUTE-PWR-SUM" Name="PWM_work_power_summary_routed.pb"/>
  <File Type="REPORTS-TCL" Name="PWM_work_reports.tcl"/>
  <File Type="OPT-DRC" Name="PWM_work_drc_opted.rpt"/>
  <File Type="OPT-HWDEF" Name="PWM_work.hwdef"/>
  <File Type="PWROPT-DCP" Name="PWM_work_pwropt.dcp"/>
  <File Type="PWROPT-DRC" Name="PWM_work_drc_pwropted.rpt"/>
  <File Type="PWROPT-TIMING" Name="PWM_work_timing_summary_pwropted.rpt"/>
  <File Type="PLACE-DCP" Name="PWM_work_placed.dcp"/>
  <File Type="PLACE-IO" Name="PWM_work_io_placed.rpt"/>
  <File Type="PLACE-CLK" Name="PWM_work_clock_utilization_placed.rpt"/>
  <File Type="PLACE-UTIL" Name="PWM_work_utilization_placed.rpt"/>
  <File Type="PLACE-UTIL-PB" Name="PWM_work_utilization_placed.pb"/>
  <File Type="PLACE-CTRL" Name="PWM_work_control_sets_placed.rpt"/>
  <File Type="PLACE-SIMILARITY" Name="PWM_work_incremental_reuse_placed.rpt"/>
  <File Type="PLACE-PRE-SIMILARITY" Name="PWM_work_incremental_reuse_pre_placed.rpt"/>
  <File Type="BG-BGN" Name="PWM_work.bgn"/>
  <File Type="PLACE-TIMING" Name="PWM_work_timing_summary_placed.rpt"/>
  <File Type="POSTPLACE-PWROPT-DCP" Name="PWM_work_postplace_pwropt.dcp"/>
  <File Type="BG-BIN" Name="PWM_work.bin"/>
  <File Type="POSTPLACE-PWROPT-TIMING" Name="PWM_work_timing_summary_postplace_pwropted.rpt"/>
  <File Type="PHYSOPT-DCP" Name="PWM_work_physopt.dcp"/>
  <File Type="PHYSOPT-DRC" Name="PWM_work_drc_physopted.rpt"/>
  <File Type="BITSTR-MSK" Name="PWM_work.msk"/>
  <File Type="PHYSOPT-TIMING" Name="PWM_work_timing_summary_physopted.rpt"/>
  <File Type="ROUTE-ERROR-DCP" Name="PWM_work_routed_error.dcp"/>
  <File Type="ROUTE-DCP" Name="PWM_work_routed.dcp"/>
  <File Type="ROUTE-BLACKBOX-DCP" Name="PWM_work_routed_bb.dcp"/>
  <File Type="ROUTE-DRC" Name="PWM_work_drc_routed.rpt"/>
  <File Type="ROUTE-DRC-PB" Name="PWM_work_drc_routed.pb"/>
  <File Type="BITSTR-LTX" Name="debug_nets.ltx"/>
  <File Type="BITSTR-LTX" Name="PWM_work.ltx"/>
  <File Type="ROUTE-DRC-RPX" Name="PWM_work_drc_routed.rpx"/>
  <File Type="BITSTR-MMI" Name="PWM_work.mmi"/>
  <File Type="ROUTE-METHODOLOGY-DRC" Name="PWM_work_methodology_drc_routed.rpt"/>
  <File Type="ROUTE-METHODOLOGY-DRC-RPX" Name="PWM_work_methodology_drc_routed.rpx"/>
  <File Type="BITSTR-SYSDEF" Name="PWM_work.sysdef"/>
  <File Type="ROUTE-METHODOLOGY-DRC-PB" Name="PWM_work_methodology_drc_routed.pb"/>
  <File Type="ROUTE-PWR-RPX" Name="PWM_work_power_routed.rpx"/>
  <File Type="ROUTE-STATUS" Name="PWM_work_route_status.rpt"/>
  <File Type="ROUTE-STATUS-PB" Name="PWM_work_route_status.pb"/>
  <File Type="ROUTE-TIMINGSUMMARY" Name="PWM_work_timing_summary_routed.rpt"/>
  <File Type="ROUTE-TIMING-PB" Name="PWM_work_timing_summary_routed.pb"/>
  <File Type="ROUTE-TIMING-RPX" Name="PWM_work_timing_summary_routed.rpx"/>
  <File Type="ROUTE-SIMILARITY" Name="PWM_work_incremental_reuse_routed.rpt"/>
  <File Type="ROUTE-CLK" Name="PWM_work_clock_utilization_routed.rpt"/>
  <File Type="ROUTE-BUS-SKEW" Name="PWM_work_bus_skew_routed.rpt"/>
  <File Type="ROUTE-BUS-SKEW-PB" Name="PWM_work_bus_skew_routed.pb"/>
  <File Type="ROUTE-BUS-SKEW-RPX" Name="PWM_work_bus_skew_routed.rpx"/>
  <File Type="POSTROUTE-PHYSOPT-DCP" Name="PWM_work_postroute_physopt.dcp"/>
  <File Type="POSTROUTE-PHYSOPT-BLACKBOX-DCP" Name="PWM_work_postroute_physopt_bb.dcp"/>
  <File Type="POSTROUTE-PHYSOPT-TIMING" Name="PWM_work_timing_summary_postroute_physopted.rpt"/>
  <File Type="POSTROUTE-PHYSOPT-TIMING-PB" Name="PWM_work_timing_summary_postroute_physopted.pb"/>
  <File Type="POSTROUTE-PHYSOPT-TIMING-RPX" Name="PWM_work_timing_summary_postroute_physopted.rpx"/>
  <File Type="POSTROUTE-PHYSOPT-BUS-SKEW" Name="PWM_work_bus_skew_postroute_physopted.rpt"/>
  <File Type="POSTROUTE-PHYSOPT-BUS-SKEW-PB" Name="PWM_work_bus_skew_postroute_physopted.pb"/>
  <File Type="BG-BIT" Name="PWM_work.bit"/>
  <File Type="POSTROUTE-PHYSOPT-BUS-SKEW-RPX" Name="PWM_work_bus_skew_postroute_physopted.rpx"/>
  <File Type="BITSTR-RBT" Name="PWM_work.rbt"/>
  <File Type="BITSTR-NKY" Name="PWM_work.nky"/>
  <File Type="BG-DRC" Name="PWM_work.drc"/>
  <File Type="RDI-RDI" Name="PWM_work.vdi"/>
  <File Type="WBT-USG" Name="usage_statistics_webtalk.html"/>
  <FileSet Name="sources" Type="DesignSrcs" RelSrcDir="$PSRCDIR/sources_1">
    <Filter Type="Srcs"/>
    <File Path="$PSRCDIR/sources_1/new/Driver_PWM.v">
      <FileInfo>
        <Attr Name="UsedIn" Val="synthesis"/>
        <Attr Name="UsedIn" Val="implementation"/>
        <Attr Name="UsedIn" Val="simulation"/>
      </FileInfo>
    </File>
    <File Path="$PSRCDIR/sources_1/new/Key_Test_Duty.v">
      <FileInfo>
        <Attr Name="UsedIn" Val="synthesis"/>
        <Attr Name="UsedIn" Val="implementation"/>
        <Attr Name="UsedIn" Val="simulation"/>
      </FileInfo>
    </File>
    <File Path="$PSRCDIR/sources_1/new/PWM_work.v">
      <FileInfo>
        <Attr Name="UsedIn" Val="synthesis"/>
        <Attr Name="UsedIn" Val="implementation"/>
        <Attr Name="UsedIn" Val="simulation"/>
      </FileInfo>
    </File>
    <Config>
      <Option Name="DesignMode" Val="RTL"/>
      <Option Name="TopModule" Val="PWM_work"/>
      <Option Name="TopAutoSet" Val="TRUE"/>
    </Config>
  </FileSet>
  <FileSet Name="constrs_in" Type="Constrs" RelSrcDir="$PSRCDIR/constrs_1">
    <Filter Type="Constrs"/>
    <File Path="$PSRCDIR/constrs_1/new/system.xdc">
      <FileInfo>
        <Attr Name="UsedIn" Val="synthesis"/>
        <Attr Name="UsedIn" Val="implementation"/>
      </FileInfo>
    </File>
    <Config>
      <Option Name="ConstrsType" Val="XDC"/>
    </Config>
  </FileSet>
  <FileSet Name="utils" Type="Utils" RelSrcDir="$PSRCDIR/utils_1">
    <Filter Type="Utils"/>
    <Config>
      <Option Name="TopAutoSet" Val="TRUE"/>
    </Config>
  </FileSet>
  <Strategy Version="1" Minor="2">
    <StratHandle Name="Vivado Implementation Defaults" Flow="Vivado Implementation 2018"/>
    <Step Id="init_design"/>
    <Step Id="opt_design"/>
    <Step Id="power_opt_design"/>
    <Step Id="place_design"/>
    <Step Id="post_place_power_opt_design"/>
    <Step Id="phys_opt_design"/>
    <Step Id="route_design"/>
    <Step Id="post_route_phys_opt_design"/>
    <Step Id="write_bitstream"/>
  </Strategy>
</GenRun>
